{
    "Loose_PtEtaBins": {
        "Pt_Eta": {
            "0.9,1.2": {
                "3.0,3.25": {
                    "value": 0.6266135573387146, 
                    "error": 0.032170911151471256
                }, 
                "3.75,4.0": {
                    "value": 0.9493826031684875, 
                    "error": 0.0027854163351179223
                }, 
                "20.0,30.0": {
                    "value": 0.992021918296814, 
                    "error": 0.0015392540959809154
                }, 
                "500,700": {
                    "value": null, 
                    "error": null
                }, 
                "700,1200": {
                    "value": null, 
                    "error": null
                }, 
                "30.0,40.0": {
                    "value": 0.9931639432907104, 
                    "error": 0.002880429725108176
                }, 
                "3.25,3.5": {
                    "value": 0.8693790435791016, 
                    "error": 0.009032751570625504
                }, 
                "15.0,20.0": {
                    "value": 0.9922362565994263, 
                    "error": 0.0010093876679229696
                }, 
                "2.0,2.5": {
                    "value": 0.10123531520366669, 
                    "error": 0.10123531819902837
                }, 
                "3.5,3.75": {
                    "value": 0.9340344667434692, 
                    "error": 0.004388663162625284
                }, 
                "2.75,3.0": {
                    "value": 0.2247200459241867, 
                    "error": 0.11184631316695938
                }, 
                "10.0,15.0": {
                    "value": 0.9907875061035156, 
                    "error": 0.0006176341148188363
                }, 
                "8.0,10.0": {
                    "value": 0.9945656061172485, 
                    "error": 0.00048042445306531445
                }, 
                "6.0,8.0": {
                    "value": 0.9919532537460327, 
                    "error": 0.00043182446117797643
                }, 
                "4.5,5.0": {
                    "value": 0.9743419885635376, 
                    "error": 0.0038589184331158377
                }, 
                "5.0,6.0": {
                    "value": 0.98240727186203, 
                    "error": 0.00073333434391068
                }, 
                "2.5,2.75": {
                    "value": 0.10605572164058685, 
                    "error": 0.10212631786720672
                }, 
                "4.0,4.5": {
                    "value": 0.9631043672561646, 
                    "error": 0.0014216450659891172
                }
            }, 
            "0.0,0.9": {
                "3.0,3.25": {
                    "value": 0.3169064521789551, 
                    "error": 0.023503272991139287
                }, 
                "3.75,4.0": {
                    "value": 0.9684062004089355, 
                    "error": 0.0010976175909114076
                }, 
                "20.0,30.0": {
                    "value": 0.993977427482605, 
                    "error": 0.0006411880443639604
                }, 
                "500,700": {
                    "value": null, 
                    "error": null
                }, 
                "700,1200": {
                    "value": null, 
                    "error": null
                }, 
                "30.0,40.0": {
                    "value": 0.9942393898963928, 
                    "error": 0.0014469814127203453
                }, 
                "3.25,3.5": {
                    "value": 0.9245343804359436, 
                    "error": 0.004031866470522404
                }, 
                "15.0,20.0": {
                    "value": 0.9947102069854736, 
                    "error": 0.00043103073629380343
                }, 
                "2.0,2.5": {
                    "value": 0.0, 
                    "error": 0.6882181179158507
                }, 
                "3.5,3.75": {
                    "value": 0.9666489958763123, 
                    "error": 0.0015047499341337876
                }, 
                "2.75,3.0": {
                    "value": 0.0, 
                    "error": 0.10354823417507508
                }, 
                "10.0,15.0": {
                    "value": 0.9940396547317505, 
                    "error": 0.00025533708790086883
                }, 
                "8.0,10.0": {
                    "value": 0.9946745038032532, 
                    "error": 0.00024127982728789732
                }, 
                "6.0,8.0": {
                    "value": 0.9928103685379028, 
                    "error": 0.0002130845473370025
                }, 
                "4.5,5.0": {
                    "value": 0.9781378507614136, 
                    "error": 0.0005722410311714776
                }, 
                "5.0,6.0": {
                    "value": 0.9873504638671875, 
                    "error": 0.00033319017730621813
                }, 
                "2.5,2.75": {
                    "value": 0.0, 
                    "error": 0.29247246340094557
                }, 
                "4.0,4.5": {
                    "value": 0.9725760221481323, 
                    "error": 0.000634083330438413
                }
            }, 
            "1.2,2.1": {
                "3.0,3.25": {
                    "value": 0.9862016439437866, 
                    "error": 0.0006848109159689472
                }, 
                "3.75,4.0": {
                    "value": 0.9915823340415955, 
                    "error": 0.0005383936017416602
                }, 
                "20.0,30.0": {
                    "value": 0.9949139356613159, 
                    "error": 0.0008388626215089044
                }, 
                "500,700": {
                    "value": null, 
                    "error": null
                }, 
                "700,1200": {
                    "value": null, 
                    "error": null
                }, 
                "30.0,40.0": {
                    "value": 0.9925260543823242, 
                    "error": 0.003080911680798065
                }, 
                "3.25,3.5": {
                    "value": 0.9898147583007812, 
                    "error": 0.0005753902142618053
                }, 
                "15.0,20.0": {
                    "value": 0.9960730075836182, 
                    "error": 0.0005239285434610749
                }, 
                "2.0,2.5": {
                    "value": 0.9774819612503052, 
                    "error": 0.0010278338447208206
                }, 
                "3.5,3.75": {
                    "value": 0.990472137928009, 
                    "error": 0.0005714792015340487
                }, 
                "2.75,3.0": {
                    "value": 0.9831225275993347, 
                    "error": 0.0007847164101346603
                }, 
                "10.0,15.0": {
                    "value": 0.9954866170883179, 
                    "error": 0.00029359723624336107
                }, 
                "8.0,10.0": {
                    "value": 0.9984334707260132, 
                    "error": 0.00017485855642831836
                }, 
                "6.0,8.0": {
                    "value": 0.9984354376792908, 
                    "error": 0.001564546330869998
                }, 
                "4.5,5.0": {
                    "value": 0.9947034120559692, 
                    "error": 0.00037246446694952606
                }, 
                "5.0,6.0": {
                    "value": 0.9969192147254944, 
                    "error": 0.0002204313660622219
                }, 
                "2.5,2.75": {
                    "value": 0.9814440011978149, 
                    "error": 0.0009415585768396546
                }, 
                "4.0,4.5": {
                    "value": 0.9935526847839355,