{
    "[LooseID_abseta_pt_Bins]": {
        "abseta_pt": {
            "abseta:[0.9,1.2]": {
                "pt:[3.0,3.25]": {
                    "value": 0.6543187499046326, 
                    "error": 0.07551466503801599
                }, 
                "pt:[3.75,4.0]": {
                    "value": 0.9495235085487366, 
                    "error": 0.002945493067309644
                }, 
                "pt:[20.0,30.0]": {
                    "value": 0.9959014654159546, 
                    "error": 0.0034772464761731858
                }, 
                "pt:[500,700]": {
                    "value": 1, 
                    "error": 0
                }, 
                "pt:[700,1200]": {
                    "value": 1, 
                    "error": 0
                }, 
                "pt:[30.0,40.0]": {
                    "value": 1.0, 
                    "error": 0.032612724221456155
                }, 
                "pt:[3.25,3.5]": {
                    "value": 0.8650087118148804, 
                    "error": 0.009224228326472843
                }, 
                "pt:[15.0,20.0]": {
                    "value": 0.9920607209205627, 
                    "error": 0.0019087557363365894
                }, 
                "pt:[2.0,2.5]": {
                    "value": 0.9768276214599609, 
                    "error": 0.001131615806760794
                }, 
                "pt:[3.5,3.75]": {
                    "value": 0.9325030446052551, 
                    "error": 0.004497461846830964
                }, 
                "pt:[2.75,3.0]": {
                    "value": 0.9826480746269226, 
                    "error": 0.0008936618267614276
                }, 
                "pt:[10.0,15.0]": {
                    "value": 0.9917813539505005, 
                    "error": 0.0008409629242667647
                }, 
                "pt:[8.0,10.0]": {
                    "value": 0.9952750205993652, 
                    "error": 0.0005967485533271359
                }, 
                "pt:[6.0,8.0]": {
                    "value": 0.9932856559753418, 
                    "error": 0.0004958003978351182
                }, 
                "pt:[4.5,5.0]": {
                    "value": 0.9738270044326782, 
                    "error": 0.0013192350919432932
                }, 
                "pt:[5.0,6.0]": {
                    "value": 0.9825803637504578, 
                    "error": 0.0008298840164104235
                }, 
                "pt:[2.5,2.75]": {
                    "value": 0.981995165348053, 
                    "error": 0.0010347939330861652
                }, 
                "pt:[4.0,4.5]": {
                    "value": 0.9624527096748352, 
                    "error": 0.03754731557258517
                }
            }, 
            "abseta:[0.0,0.9]": {
                "pt:[3.0,3.25]": {
                    "value": 0.5873526930809021, 
                    "error": 0.033746705504401
                }, 
                "pt:[3.75,4.0]": {
                    "value": 0.9680026173591614, 
                    "error": 0.0011074617165190547
                }, 
                "pt:[20.0,30.0]": {
                    "value": 0.9982112646102905, 
                    "error": 0.0009073409831396965
                }, 
                "pt:[500,700]": {
                    "value": 1, 
                    "error": 0
                }, 
                "pt:[700,1200]": {
                    "value": 1, 
                    "error": 0
                }, 
                "pt:[30.0,40.0]": {
                    "value": 1.0, 
                    "error": 0.007137397199775963
                }, 
                "pt:[3.25,3.5]": {
                    "value": 0.923740565776825, 
                    "error": 0.00404515502662559
                }, 
                "pt:[15.0,20.0]": {
                    "value": 0.9958721995353699, 
                    "error": 0.000694767409909396
                }, 
                "pt:[2.0,2.5]": {
                    "value": 0.2336481511592865, 
                    "error": 0.21168214532175628
                }, 
                "pt:[3.5,3.75]": {
                    "value": 0.966640055179596, 
                    "error": 0.0015057317200083433
                }, 
                "pt:[2.75,3.0]": {
                    "value": 0.29787182807922363, 
                    "error": 0.13272618985287332
                }, 
                "pt:[10.0,15.0]": {
                    "value": 0.9947208762168884, 
                    "error": 0.0003285337334235568
                }, 
                "pt:[8.0,10.0]": {
                    "value": 0.9955287575721741, 
                    "error": 0.0002864822370063181
                }, 
                "pt:[6.0,8.0]": {
                    "value": 0.9927049875259399, 
                    "error": 0.007295006029479634
                }, 
                "pt:[4.5,5.0]": {
                    "value": 0.9778004884719849, 
                    "error": 0.0006397478620358594
                }, 
                "pt:[5.0,6.0]": {
                    "value": 0.9878273606300354, 
                    "error": 0.0003700809404076775
                }, 
                "pt:[2.5,2.75]": {
                    "value": 0.14356228709220886, 
                    "error": 0.13609284383746695
                }, 
                "pt:[4.0,4.5]": {
                    "value": 0.9726669192314148, 
                    "error": 0.0006674534115612568
                }
            }, 
            "abseta:[1.2,2.1]": {
                "pt:[3.0,3.25]": {
                    "value": 0.985953152179718, 
                    "error": 0.0007848649152266577
                }, 
                "pt:[3.75,4.0]": {
                    "value": 0.9921332001686096, 
                    "error": 0.007866824385162952
                }, 
                "pt:[20.0,30.0]": {
                    "value": 0.9920336604118347, 
                    "error": 0.007966334015581
                }, 
                "pt:[500,700]": {
                    "value": 1, 
                    "error": 0
                }, 
                "pt:[700,1200]": {
                    "value": 1, 
                    "error": 0
                }, 
                "pt:[30.0,40.0]": {
                    "value": 0.8670881986618042, 
                    "error": 0.14913770811262703
                }, 
                "pt:[3.25,3.5]": {
                    "value": 0.9898491501808167, 
                    "error": 0.0006536496713322268
                }, 
                "pt:[15.0,20.0]": {
                    "value": 0.9965152740478516, 
                    "error": 0.0016379105075409915
                }, 
                "pt:[2.0,2.5]": {
                    "value": 0.9903801083564758, 
                    "error": 0.0010347344093981537
                }, 
                "pt:[3.5,3.75]": {
                    "value": 0.9905516505241394, 
                    "error": 0.0006529141664685011
                }, 
                "pt:[2.75,3.0]": {
                    "value": 0.9962787628173828, 
                    "error": 0.0009449521280133353
                }, 
                "pt:[10.0,15.0]": {
                    "value": 0.9943410754203796, 
                    "error": 0.0006569311079706223
                }, 
                "pt:[8.0,10.0]": {
                    "value": 0.9986815452575684, 
                    "error": 0.0002518582023902528
                }, 
                "pt:[6.0,8.0]": {
                    "value": 0.9986617565155029, 
                    "error": 0.00015997005442759476
                }, 
                "pt:[4.5,5.0]": {
                    "value": 0.9946466088294983, 
                    "error": 0.00043278371463403024
                }, 
                "pt:[5.0,6.0]": {
                    "value": 0.9969928860664368,