{
    "LooseID_abseta_pt_Bins": {
        "Pt_Eta": {
            "0.9,1.2": {
                "3.0,3.25": {
                    "value": 0.6378135085105896, 
                    "error": 0.03821420691298362
                }, 
                "3.75,4.0": {
                    "value": 0.9379913806915283, 
                    "error": 0.004403117089724407
                }, 
                "20.0,30.0": {
                    "value": 0.9864840507507324, 
                    "error": 0.016543460347177533
                }, 
                "500,700": {
                    "value": null, 
                    "error": null
                }, 
                "700,1200": {
                    "value": null, 
                    "error": null
                }, 
                "30.0,40.0": {
                    "value": 0.9999997019767761, 
                    "error": 0.03339987157793993
                }, 
                "3.25,3.5": {
                    "value": 0.8709506392478943, 
                    "error": 0.012377089515147646
                }, 
                "15.0,20.0": {
                    "value": 0.9954779148101807, 
                    "error": 0.007021329675225516
                }, 
                "2.0,2.5": {
                    "value": 0.9714433550834656, 
                    "error": 0.0030596846152300097
                }, 
                "3.5,3.75": {
                    "value": 0.920433521270752, 
                    "error": 0.006173227243381399
                }, 
                "2.75,3.0": {
                    "value": 0.9749245643615723, 
                    "error": 0.0019909941874486953
                }, 
                "10.0,15.0": {
                    "value": 0.9879473447799683, 
                    "error": 0.0029801660154372797
                }, 
                "8.0,10.0": {
                    "value": 0.9891037344932556, 
                    "error": 0.010896262656860722
                }, 
                "6.0,8.0": {
                    "value": 0.9819789528846741, 
                    "error": 0.0016452495260861379
                }, 
                "4.5,5.0": {
                    "value": 0.961166262626648, 
                    "error": 0.0025669209338690115
                }, 
                "5.0,6.0": {
                    "value": 0.9716248512268066, 
                    "error": 0.0018716371381935716
                }, 
                "2.5,2.75": {
                    "value": 0.9716262817382812, 
                    "error": 0.0024660049164507195
                }, 
                "4.0,4.5": {
                    "value": 0.9468687176704407, 
                    "error": 0.0026264465354744956
                }
            }, 
            "0.0,0.9": {
                "3.0,3.25": {
                    "value": 0.5827661752700806, 
                    "error": 0.03340539175328475
                }, 
                "3.75,4.0": {
                    "value": 0.9556336998939514, 
                    "error": 0.001920901528855381
                }, 
                "20.0,30.0": {
                    "value": 0.9880393743515015, 
                    "error": 0.005524500361002602
                }, 
                "500,700": {
                    "value": null, 
                    "error": null
                }, 
                "700,1200": {
                    "value": null, 
                    "error": null
                }, 
                "30.0,40.0": {
                    "value": 0.9678776860237122, 
                    "error": 0.02045510043491271
                }, 
                "3.25,3.5": {
                    "value": 0.902836263179779, 
                    "error": 0.006823622804494122
                }, 
                "15.0,20.0": {
                    "value": 0.9917131662368774, 
                    "error": 0.0025711398994305522
                }, 
                "2.0,2.5": {
                    "value": 0.0519084595143795, 
                    "error": 0.07012392730602254
                }, 
                "3.5,3.75": {
                    "value": 0.9477635622024536, 
                    "error": 0.0028997959229379562
                }, 
                "2.75,3.0": {
                    "value": 0.31430983543395996, 
                    "error": 0.07645757633626812
                }, 
                "10.0,15.0": {
                    "value": 0.9901480078697205, 
                    "error": 0.001171189836080616
                }, 
                "8.0,10.0": {
                    "value": 0.991201639175415, 
                    "error": 0.0010115233638864946
                }, 
                "6.0,8.0": {
                    "value": 0.9865894317626953, 
                    "error": 0.0007080977025678565
                }, 
                "4.5,5.0": {
                    "value": 0.9680478572845459, 
                    "error": 0.0011190572676365218
                }, 
                "5.0,6.0": {
                    "value": 0.981048047542572, 
                    "error": 0.0007907522342397395
                }, 
                "2.5,2.75": {
                    "value": 0.07055027782917023, 
                    "error": 0.0627282521909241
                }, 
                "4.0,4.5": {
                    "value": 0.9624078869819641, 
                    "error": 0.0011215494555312454
                }
            }, 
            "1.2,2.1": {
                "3.0,3.25": {
                    "value": 0.9762319326400757, 
                    "error": 0.0017976760037827035
                }, 
                "3.75,4.0": {
                    "value": 0.9824442267417908, 
                    "error": 0.0017364484489095903
                }, 
                "20.0,30.0": {
                    "value": 0.9775438904762268, 
                    "error": 0.02991586536135259
                }, 
                "500,700": {
                    "value": null, 
                    "error": null
                }, 
                "700,1200": {
                    "value": null, 
                    "error": null
                }, 
                "30.0,40.0": {
                    "value": 0.4265228807926178, 
                    "error": 0.2961612644685983
                }, 
                "3.25,3.5": {
                    "value": 0.9792705774307251, 
                    "error": 0.0017249449909724445
                }, 
                "15.0,20.0": {
                    "value": 0.9945378303527832, 
                    "error": 0.008790449037499141
                }, 
                "2.0,2.5": {
                    "value": 0.9847460985183716, 
                    "error": 0.002870319864533908
                }, 
                "3.5,3.75": {
                    "value": 0.9850282669067383, 
                    "error": 0.001692916553626144
                }, 
                "2.75,3.0": {
                    "value": 0.987643837928772, 
                    "error": 0.003592853259041287
                }, 
                "10.0,15.0": {
                    "value": 0.9927230477333069, 
                    "error": 0.0028564076733304973
                }, 
                "8.0,10.0": {
                    "value": 0.9944112300872803, 
                    "error": 0.002055063451849799
                }, 
                "6.0,8.0": {
                    "value": 0.995205283164978, 
                    "error": 0.0012133494322626082
                }, 
                "4.5,5.0": {
                    "value": 0.9919044971466064, 
                    "error": 0.0014117232994981664
                }, 
                "5.0,6.0": {
                    "value": 0.9927746653556824, 
                    "error": 0.001173661878407171
                }, 
                "2.5,2.75": {
                    "value": 0.9892548322677612, 
                    "error": 0.0034598736917841964
                },