{
    "LooseID_abseta_pt_Bins": {
        "Pt_Eta": {
            "0.9,1.2": {
                "3.0,3.25": {
                    "value": 0.9747748970985413, 
                    "error": 0.12675488904088814
                }, 
                "3.75,4.0": {
                    "value": 0.9878548383712769, 
                    "error": 0.005558240651604677
                }, 
                "20.0,30.0": {
                    "value": 0.9905438423156738, 
                    "error": 0.01696775974293912
                }, 
                "30.0,40.0": {
                    "value": 0.9999997019767761, 
                    "error": 0.0466812657135474
                }, 
                "3.25,3.5": {
                    "value": 1.0068691968917847, 
                    "error": 0.01788909957890005
                }, 
                "15.0,20.0": {
                    "value": 1.0034445524215698, 
                    "error": 0.007336125203069623
                }, 
                "2.0,2.5": {
                    "value": 0.994488000869751, 
                    "error": 0.0033374197523540756
                }, 
                "3.5,3.75": {
                    "value": 0.9870568513870239, 
                    "error": 0.008154034795542893
                }, 
                "2.75,3.0": {
                    "value": 0.9921401143074036, 
                    "error": 0.002217977948484827
                }, 
                "10.0,15.0": {
                    "value": 0.9961342215538025, 
                    "error": 0.0031213194722905105
                }, 
                "8.0,10.0": {
                    "value": 0.9937993884086609, 
                    "error": 0.01096419517191446
                }, 
                "6.0,8.0": {
                    "value": 0.9886168837547302, 
                    "error": 0.0017283163473632496
                }, 
                "4.5,5.0": {
                    "value": 0.986998975276947, 
                    "error": 0.00295563955075326
                }, 
                "5.0,6.0": {
                    "value": 0.9888502359390259, 
                    "error": 0.0020798696955887795
                }, 
                "2.5,2.75": {
                    "value": 0.9894409775733948, 
                    "error": 0.002719065880407573
                }, 
                "4.0,4.5": {
                    "value": 0.9838080406188965, 
                    "error": 0.03847732492603442
                }
            }, 
            "0.0,0.9": {
                "3.0,3.25": {
                    "value": 0.9921911954879761, 
                    "error": 0.08052639969776654
                }, 
                "3.75,4.0": {
                    "value": 0.9872222542762756, 
                    "error": 0.0022833067111332666
                }, 
                "20.0,30.0": {
                    "value": 0.9898098707199097, 
                    "error": 0.005607053655013954
                }, 
                "30.0,40.0": {
                    "value": 0.9678776860237122, 
                    "error": 0.02159012179596312
                }, 
                "3.25,3.5": {
                    "value": 0.9773699641227722, 
                    "error": 0.008537295820445084
                }, 
                "15.0,20.0": {
                    "value": 0.9958237409591675, 
                    "error": 0.0026736362383126783
                }, 
                "2.0,2.5": {
                    "value": 0.2221650779247284, 
                    "error": 0.361370740445917
                }, 
                "3.5,3.75": {
                    "value": 0.9804720282554626, 
                    "error": 0.0033662748319168924
                }, 
                "2.75,3.0": {
                    "value": 1.0551848411560059, 
                    "error": 0.5356724791883232
                }, 
                "10.0,15.0": {
                    "value": 0.9954028725624084, 
                    "error": 0.0012224427144216271
                }, 
                "8.0,10.0": {
                    "value": 0.9956534504890442, 
                    "error": 0.0010556910767565882
                }, 
                "6.0,8.0": {
                    "value": 0.9938395023345947, 
                    "error": 0.007338093744985
                }, 
                "4.5,5.0": {
                    "value": 0.9900259375572205, 
                    "error": 0.0013150563165453411
                }, 
                "5.0,6.0": {
                    "value": 0.9931371212005615, 
                    "error": 0.0008827404520006686
                }, 
                "2.5,2.75": {
                    "value": 0.4914262592792511, 
                    "error": 0.638702477200715
                }, 
                "4.0,4.5": {
                    "value": 0.9894526600837708, 
                    "error": 0.0013381198893541364
                }
            }, 
            "1.2,2.1": {
                "3.0,3.25": {
                    "value": 0.9901402592658997, 
                    "error": 0.0019863618251544347
                }, 
                "3.75,4.0": {
                    "value": 0.9902341961860657, 
                    "error": 0.008044470287858183
                }, 
                "20.0,30.0": {
                    "value": 0.9853938817977905, 
                    "error": 0.031177012532352395
                }, 
                "30.0,40.0": {
                    "value": 0.49190253019332886, 
                    "error": 0.35188121551359136
                }, 
                "3.25,3.5": {
                    "value": 0.9893129467964172, 
                    "error": 0.001861066659217751
                }, 
                "15.0,20.0": {
                    "value": 0.9980156421661377, 
                    "error": 0.008972413341239877
                }, 
                "2.0,2.5": {
                    "value": 0.9943112730979919, 
                    "error": 0.0030787589271103247
                }, 
                "3.5,3.75": {
                    "value": 0.9944239258766174, 
                    "error": 0.0018304473472561087
                }, 
                "2.75,3.0": {
                    "value": 0.9913328289985657, 
                    "error": 0.0037268345945361946
                }, 
                "10.0,15.0": {
                    "value": 0.9983727931976318, 
                    "error": 0.002947416302331148
                }, 
                "8.0,10.0": {
                    "value": 0.9957240223884583, 
                    "error": 0.0020730416513728444
                }, 
                "6.0,8.0": {
                    "value": 0.9965388774871826, 
                    "error": 0.0012254170214200874
                }, 
                "4.5,5.0": {
                    "value": 0.9972431063652039, 
                    "error": 0.0014841679122874335
                }, 
                "5.0,6.0": {
                    "value": 0.9957690834999084, 
                    "error": 0.0012075992817621917
                }, 
                "2.5,2.75": {
                    "value": 0.9968932271003723, 
                    "error": 0.0037279205860078846
                }, 
                "4.0,4.5": {
                    "value": 0.995599091053009, 
                    "error": 0.001297812301211036
                }
            }, 
            "2.1,2.4": {
                "3.0,3.25": {
                    "value": 0.9935065507888794, 
                    "error": 0.004081000820411444
                }, 
                "3.75,4.0": {
                    "value": 0.9971395134925842, 
                    "error": 0.004833178820988754
                }, 
                "20.0,30.0": {
                    "value": 0.9853938817977905, 
                    "error": 0.0
                }, 
                "30.0,40.0": {
                    "value": 0.49190253019332886, 
                    "error": 0.0
                },