{
    "Loose_PtEtaBins": {
        "Pt_Eta": {
            "0.9,1.2": {
                "3.0,3.25": {
                    "value": 1.0950140953063965, 
                    "error": 0.46611027104449976
                }, 
                "3.75,4.0": {
                    "value": 0.9707427620887756, 
                    "error": 0.033704900721399776
                }, 
                "20.0,30.0": {
                    "value": 1.0080400705337524, 
                    "error": 0.04848625794895564
                }, 
                "500,700": {
                    "value": null, 
                    "error": null
                }, 
                "700,1200": {
                    "value": null, 
                    "error": null
                }, 
                "30.0,40.0": {
                    "value": 0.9224242568016052, 
                    "error": 0.08450120230367927
                }, 
                "3.25,3.5": {
                    "value": 0.8107579350471497, 
                    "error": 0.1045051092259438
                }, 
                "15.0,20.0": {
                    "value": 1.0078245401382446, 
                    "error": 0.035632091247308435
                }, 
                "2.0,2.5": {
                    "value": 0.40764564275741577, 
                    "error": 1.223136943529045
                }, 
                "3.5,3.75": {
                    "value": 0.8743882775306702, 
                    "error": 0.048414775824993116
                }, 
                "2.75,3.0": {
                    "value": 0.24304187297821045, 
                    "error": 0.22843844295951085
                }, 
                "10.0,15.0": {
                    "value": 0.9933677911758423, 
                    "error": 0.02147900462675434
                }, 
                "8.0,10.0": {
                    "value": 0.9846383333206177, 
                    "error": 0.019411945206285447
                }, 
                "6.0,8.0": {
                    "value": 0.9641849994659424, 
                    "error": 0.013086743116579822
                }, 
                "4.5,5.0": {
                    "value": 0.959226667881012, 
                    "error": 0.017856041677886736
                }, 
                "5.0,6.0": {
                    "value": 0.9913796186447144, 
                    "error": 0.013805287274105639
                }, 
                "2.5,2.75": {
                    "value": 0.0451260581612587, 
                    "error": 0.31263089341259953
                }, 
                "4.0,4.5": {
                    "value": 0.974007785320282, 
                    "error": 0.018271611103741814
                }
            }, 
            "0.0,0.9": {
                "3.0,3.25": {
                    "value": 0.1834372580051422, 
                    "error": 0.11451727202602963
                }, 
                "3.75,4.0": {
                    "value": 0.9333958029747009, 
                    "error": 0.026516159586364975
                }, 
                "20.0,30.0": {
                    "value": 1.006057620048523, 
                    "error": 0.01687660991240316
                }, 
                "500,700": {
                    "value": null, 
                    "error": null
                }, 
                "700,1200": {
                    "value": null, 
                    "error": null
                }, 
                "30.0,40.0": {
                    "value": 0.980571985244751, 
                    "error": 0.04309717747511707
                }, 
                "3.25,3.5": {
                    "value": 0.6866719722747803, 
                    "error": 0.08760576047268541
                }, 
                "15.0,20.0": {
                    "value": 0.9791754484176636, 
                    "error": 0.015354666189007616
                }, 
                "2.0,2.5": {
                    "value": 0.0, 
                    "error": 0.0
                }, 
                "3.5,3.75": {
                    "value": 0.9172776341438293, 
                    "error": 0.04672789303123395
                }, 
                "2.75,3.0": {
                    "value": 0.0, 
                    "error": 0.0
                }, 
                "10.0,15.0": {
                    "value": 0.9848455190658569, 
                    "error": 0.008549401179561053
                }, 
                "8.0,10.0": {
                    "value": 0.9952681064605713, 
                    "error": 0.0084905738849093
                }, 
                "6.0,8.0": {
                    "value": 0.9877480864524841, 
                    "error": 0.006008866525602412
                }, 
                "4.5,5.0": {
                    "value": 0.9760176539421082, 
                    "error": 0.009479743862355953
                }, 
                "5.0,6.0": {
                    "value": 0.9888254404067993, 
                    "error": 0.006443615644786264
                }, 
                "2.5,2.75": {
                    "value": 0.0, 
                    "error": 0.0
                }, 
                "4.0,4.5": {
                    "value": 0.9608432054519653, 
                    "error": 0.011617815574267608
                }
            }, 
            "1.2,2.1": {
                "3.0,3.25": {
                    "value": 0.9534256458282471, 
                    "error": 0.012341719044217148
                }, 
                "3.75,4.0": {
                    "value": 0.9709465503692627, 
                    "error": 0.01337035858769595
                }, 
                "20.0,30.0": {
                    "value": 0.9145078659057617, 
                    "error": 0.03660411888888999
                }, 
                "500,700": {
                    "value": null, 
                    "error": null
                }, 
                "700,1200": {
                    "value": null, 
                    "error": null
                }, 
                "30.0,40.0": {
                    "value": 0.9659279584884644, 
                    "error": 0.09061319670177904
                }, 
                "3.25,3.5": {
                    "value": 0.9830688834190369, 
                    "error": 0.01264645396055526
                }, 
                "15.0,20.0": {
                    "value": 1.0039418935775757, 
                    "error": 0.022951132512762165
                }, 
                "2.0,2.5": {
                    "value": 1.003091812133789, 
                    "error": 0.025633302696180933
                }, 
                "3.5,3.75": {
                    "value": 0.9988461136817932, 
                    "error": 0.013948167295466789
                }, 
                "2.75,3.0": {
                    "value": 0.9639725685119629, 
                    "error": 0.014455029794468699
                }, 
                "10.0,15.0": {
                    "value": 0.9949817061424255, 
                    "error": 0.015191675235191287
                }, 
                "8.0,10.0": {
                    "value": 0.9791659116744995, 
                    "error": 0.014377587752905222
                }, 
                "6.0,8.0": {
                    "value": 0.97955721616745, 
                    "error": 0.010878816153405935
                }, 
                "4.5,5.0": {
                    "value": 0.9922630786895752, 
                    "error": 0.01317534648449004
                }, 
                "5.0,6.0": {
                    "value": 0.970229983329773, 
                    "error": 0.010846593446354663
                }, 
                "2.5,2.75": {
                    "value": 0.9838525056838989, 
                    "error": 0.020237915572796847
                }, 
                "4.0,4.5": {
                    "value": 0.964439868927002, 
                    "error": 0.011105727907700657
                }
            },