{
    "Loose_PtEtaBins": {
        "Pt_Eta": {
            "0.9,1.2": {
                "3.0,3.25": {
                    "value": 0.6861506700515747, 
                    "error": 0.2899387762549503
                }, 
                "3.75,4.0": {
                    "value": 0.9216063022613525, 
                    "error": 0.031884400130069906
                }, 
                "20.0,30.0": {
                    "value": 0.9999977946281433, 
                    "error": 0.048074397253617396
                }, 
                "500,700": {
                    "value": null, 
                    "error": null
                }, 
                "700,1200": {
                    "value": null, 
                    "error": null
                }, 
                "30.0,40.0": {
                    "value": 0.9161185026168823, 
                    "error": 0.08388147743650465
                }, 
                "3.25,3.5": {
                    "value": 0.7048559784889221, 
                    "error": 0.09055891881945986
                }, 
                "15.0,20.0": {
                    "value": 1.0, 
                    "error": 0.0353408145786534
                }, 
                "2.0,2.5": {
                    "value": 0.041268136352300644, 
                    "error": 0.1167453886166982
                }, 
                "3.5,3.75": {
                    "value": 0.8167088031768799, 
                    "error": 0.04505795717477239
                }, 
                "2.75,3.0": {
                    "value": 0.054616380482912064, 
                    "error": 0.04354672585017753
                }, 
                "10.0,15.0": {
                    "value": 0.9842163920402527, 
                    "error": 0.02127228339991737
                }, 
                "8.0,10.0": {
                    "value": 0.9792874455451965, 
                    "error": 0.01930065694270399
                }, 
                "6.0,8.0": {
                    "value": 0.9564264416694641, 
                    "error": 0.012974758681089245
                }, 
                "4.5,5.0": {
                    "value": 0.9346148371696472, 
                    "error": 0.016999557064459093
                }, 
                "5.0,6.0": {
                    "value": 0.973938524723053, 
                    "error": 0.013542914846178337
                }, 
                "2.5,2.75": {
                    "value": 0.0047858767211437225, 
                    "error": 0.03283444974154887
                }, 
                "4.0,4.5": {
                    "value": 0.9380711317062378, 
                    "error": 0.01754290512578401
                }
            }, 
            "0.0,0.9": {
                "3.0,3.25": {
                    "value": 0.05813245102763176, 
                    "error": 0.03603425818691933
                }, 
                "3.75,4.0": {
                    "value": 0.9039062857627869, 
                    "error": 0.02565796734486684
                }, 
                "20.0,30.0": {
                    "value": 0.9999985098838806, 
                    "error": 0.01676256177331853
                }, 
                "500,700": {
                    "value": null, 
                    "error": null
                }, 
                "700,1200": {
                    "value": null, 
                    "error": null
                }, 
                "30.0,40.0": {
                    "value": 0.974923312664032, 
                    "error": 0.042825413260768934
                }, 
                "3.25,3.5": {
                    "value": 0.63485187292099, 
                    "error": 0.08094720577616651
                }, 
                "15.0,20.0": {
                    "value": 0.9739958047866821, 
                    "error": 0.015267610700012927
                }, 
                "2.0,2.5": {
                    "value": 0.0, 
                    "error": 0.3655918899495212
                }, 
                "3.5,3.75": {
                    "value": 0.8866854906082153, 
                    "error": 0.04514837698786136
                }, 
                "2.75,3.0": {
                    "value": 0.0, 
                    "error": 0.9999999999999999
                }, 
                "10.0,15.0": {
                    "value": 0.9789754748344421, 
                    "error": 0.008494722539408738
                }, 
                "8.0,10.0": {
                    "value": 0.9899678230285645, 
                    "error": 0.008441942591748798
                }, 
                "6.0,8.0": {
                    "value": 0.980646550655365, 
                    "error": 0.005961950983217871
                }, 
                "4.5,5.0": {
                    "value": 0.9546797871589661, 
                    "error": 0.009255660202502045
                }, 
                "5.0,6.0": {
                    "value": 0.976317286491394, 
                    "error": 0.006353570310776779
                }, 
                "2.5,2.75": {
                    "value": 0.0, 
                    "error": 0.1184373370530788
                }, 
                "4.0,4.5": {
                    "value": 0.9344930648803711, 
                    "error": 0.011282771359824391
                }
            }, 
            "1.2,2.1": {
                "3.0,3.25": {
                    "value": 0.940269947052002, 
                    "error": 0.012153898675637471
                }, 
                "3.75,4.0": {
                    "value": 0.9627734422683716, 
                    "error": 0.013247501403287391
                }, 
                "20.0,30.0": {
                    "value": 0.9098566174507141, 
                    "error": 0.03640986709332032
                }, 
                "500,700": {
                    "value": null, 
                    "error": null
                }, 
                "700,1200": {
                    "value": null, 
                    "error": null
                }, 
                "30.0,40.0": {
                    "value": 0.958708643913269, 
                    "error": 0.08988670890572958
                }, 
                "3.25,3.5": {
                    "value": 0.9730560779571533, 
                    "error": 0.012504859966048608
                }, 
                "15.0,20.0": {
                    "value": 0.999999463558197, 
                    "error": 0.022854951664804037
                }, 
                "2.0,2.5": {
                    "value": 0.9805041551589966, 
                    "error": 0.025034869895356193
                }, 
                "3.5,3.75": {
                    "value": 0.9893292188644409, 
                    "error": 0.013803473470373607
                }, 
                "2.75,3.0": {
                    "value": 0.9477031230926514, 
                    "error": 0.014190918626060284
                }, 
                "10.0,15.0": {
                    "value": 0.9904909729957581, 
                    "error": 0.015120287735164214
                }, 
                "8.0,10.0": {
                    "value": 0.9776320457458496, 
                    "error": 0.014354043744591361
                }, 
                "6.0,8.0": {
                    "value": 0.9780246615409851, 
                    "error": 0.010753132314181874
                }, 
                "4.5,5.0": {
                    "value": 0.9870074987411499, 
                    "error": 0.013100349866726186
                }, 
                "5.0,6.0": {
                    "value": 0.9672409296035767, 
                    "error": 0.010811062201995554
                }, 
                "2.5,2.75": {
                    "value": 0.9655961394309998, 
                    "error": 0.019840767104902696
                }, 
                "4.0,4.5": {
                    "value": 0.9582217931747437, 
                    "error": 0.011028694056815355
                }
            },