{
    "MTau3MuID": {
        "Pt_Eta": {
            "0.9,1.2": {
                "3.0,3.25": {
                    "value": 0.5924384593963623, 
                    "error": 0.032685726323983706
                }, 
                "3.75,4.0": {
                    "value": 0.9344673752784729, 
                    "error": 0.0031313422491889343
                }, 
                "20.0,30.0": {
                    "value": 0.939906120300293, 
                    "error": 0.0037402995312494224
                }, 
                "500,700": {
                    "value": null, 
                    "error": null
                }, 
                "700,1200": {
                    "value": null, 
                    "error": null
                }, 
                "30.0,40.0": {
                    "value": 0.9105949997901917, 
                    "error": 0.009459056797921328
                }, 
                "3.25,3.5": {
                    "value": 0.8505385518074036, 
                    "error": 0.00958487692335782
                }, 
                "15.0,20.0": {
                    "value": 0.9528549313545227, 
                    "error": 0.04714503933650116
                }, 
                "2.0,2.5": {
                    "value": 0.0, 
                    "error": 0.1172765375372808
                }, 
                "3.5,3.75": {
                    "value": 0.9154553413391113, 
                    "error": 0.004881931425013983
                }, 
                "2.75,3.0": {
                    "value": 0.26736733317375183, 
                    "error": 0.09522191463833281
                }, 
                "10.0,15.0": {
                    "value": 0.9643108248710632, 
                    "error": 0.001169512284417899
                }, 
                "8.0,10.0": {
                    "value": 0.986820638179779, 
                    "error": 0.0007239186111506992
                }, 
                "6.0,8.0": {
                    "value": 0.9866430163383484, 
                    "error": 0.0005504921000833684
                }, 
                "4.5,5.0": {
                    "value": 0.9665923118591309, 
                    "error": 0.0013112391222835215
                }, 
                "5.0,6.0": {
                    "value": 0.9779718518257141, 
                    "error": 0.000819785607730773
                }, 
                "2.5,2.75": {
                    "value": 0.09083817899227142, 
                    "error": 0.10446971378754488
                }, 
                "4.0,4.5": {
                    "value": 0.952721357345581, 
                    "error": 0.001601053316203882
                }
            }, 
            "0.0,0.9": {
                "3.0,3.25": {
                    "value": 0.2927437722682953, 
                    "error": 0.02288213826614725
                }, 
                "3.75,4.0": {
                    "value": 0.9563694596290588, 
                    "error": 0.043630554270295274
                }, 
                "20.0,30.0": {
                    "value": 0.9591373205184937, 
                    "error": 0.0015890157157616967
                }, 
                "500,700": {
                    "value": null, 
                    "error": null
                }, 
                "700,1200": {
                    "value": null, 
                    "error": null
                }, 
                "30.0,40.0": {
                    "value": 0.9492616653442383, 
                    "error": 0.00382392626312859
                }, 
                "3.25,3.5": {
                    "value": 0.894260823726654, 
                    "error": 0.004649895848323827
                }, 
                "15.0,20.0": {
                    "value": 0.9699726700782776, 
                    "error": 0.0009961741401197754
                }, 
                "2.0,2.5": {
                    "value": 0.0, 
                    "error": 0.7461865339036368
                }, 
                "3.5,3.75": {
                    "value": 0.9479714035987854, 
                    "error": 0.001861659257075511
                }, 
                "2.75,3.0": {
                    "value": 0.0, 
                    "error": 0.1069618370012215
                }, 
                "10.0,15.0": {
                    "value": 0.9824877381324768, 
                    "error": 0.0004293093136885374
                }, 
                "8.0,10.0": {
                    "value": 0.9915706515312195, 
                    "error": 0.00030270489430817693
                }, 
                "6.0,8.0": {
                    "value": 0.9906834363937378, 
                    "error": 0.00024153304001472682
                }, 
                "4.5,5.0": {
                    "value": 0.97227543592453, 
                    "error": 0.0006377706421091256
                }, 
                "5.0,6.0": {
                    "value": 0.9849494695663452, 
                    "error": 0.0003631654768056224
                }, 
                "2.5,2.75": {
                    "value": 0.0, 
                    "error": 0.29874068859044905
                }, 
                "4.0,4.5": {
                    "value": 0.96395343542099, 
                    "error": 0.0007237336953728748
                }
            }, 
            "1.2,2.1": {
                "3.0,3.25": {
                    "value": 0.9750824570655823, 
                    "error": 0.000916633528587669
                }, 
                "3.75,4.0": {
                    "value": 0.9838398098945618, 
                    "error": 0.000741469311172264
                }, 
                "20.0,30.0": {
                    "value": 0.9290005564689636, 
                    "error": 0.0032802089017033966
                }, 
                "500,700": {
                    "value": null, 
                    "error": null
                }, 
                "700,1200": {
                    "value": null, 
                    "error": null
                }, 
                "30.0,40.0": {
                    "value": 0.8982214331626892, 
                    "error": 0.006802782008898821
                }, 
                "3.25,3.5": {
                    "value": 0.9811540246009827, 
                    "error": 0.0007854747591455282
                }, 
                "15.0,20.0": {
                    "value": 0.9492151141166687, 
                    "error": 0.0017017458385785527
                }, 
                "2.0,2.5": {
                    "value": 0.9315707683563232, 
                    "error": 0.001711353907403457
                }, 
                "3.5,3.75": {
                    "value": 0.983302116394043, 
                    "error": 0.0007574061003005476
                }, 
                "2.75,3.0": {
                    "value": 0.9691870808601379, 
                    "error": 0.0010478236713137611
                }, 
                "10.0,15.0": {
                    "value": 0.967284619808197, 
                    "error": 0.0007589904958341474
                }, 
                "8.0,10.0": {
                    "value": 0.9806880354881287, 
                    "error": 0.0005925619179183504
                }, 
                "6.0,8.0": {
                    "value": 0.9867936968803406, 
                    "error": 0.0003753555551198507
                }, 
                "4.5,5.0": {
                    "value": 0.9879794120788574, 
                    "error": 0.0013954506296911225
                }, 
                "5.0,6.0": {
                    "value": 0.9899407029151917, 
                    "error": 0.0003883224884777606
                }, 
                "2.5,2.75": {
                    "value": 0.9619807600975037, 
                    "error": 0.0013228952244690487
                }, 
                "4.0,4.5": {
                    "value": 0.9865427613258362,