{
    "MTau3MuID": {
        "Pt_Eta": {
            "0.9,1.2": {
                "3.0,3.25": {
                    "value": 1.4874147176742554, 
                    "error": 1.488897843376823
                }, 
                "3.75,4.0": {
                    "value": 0.9956678152084351, 
                    "error": 0.008239595235193966
                }, 
                "20.0,30.0": {
                    "value": 0.9780473113059998, 
                    "error": 0.009323714740688315
                }, 
                "500,700": {
                    "value": null, 
                    "error": null
                }, 
                "700,1200": {
                    "value": null, 
                    "error": null
                }, 
                "30.0,40.0": {
                    "value": 0.9636551737785339, 
                    "error": 0.022420865712018904
                }, 
                "3.25,3.5": {
                    "value": 1.1187666654586792, 
                    "error": 0.028304915072835512
                }, 
                "15.0,20.0": {
                    "value": 0.9728510975837708, 
                    "error": 0.0063696873032827684
                }, 
                "2.0,2.5": {
                    "value": 11.949657440185547, 
                    "error": 94302964.46642776
                }, 
                "3.5,3.75": {
                    "value": 1.0454097986221313, 
                    "error": 0.012878101412468928
                }, 
                "2.75,3.0": {
                    "value": 1.3176051378250122, 
                    "error": 0.29358957305686306
                }, 
                "10.0,15.0": {
                    "value": 0.9802166223526001, 
                    "error": 0.01341583814654703
                }, 
                "8.0,10.0": {
                    "value": 0.9824137687683105, 
                    "error": 0.0034052938836334474
                }, 
                "6.0,8.0": {
                    "value": 0.9832279682159424, 
                    "error": 0.0025033878411593333
                }, 
                "4.5,5.0": {
                    "value": 0.9752628803253174, 
                    "error": 0.0041290326810521335
                }, 
                "5.0,6.0": {
                    "value": 0.9802719950675964, 
                    "error": 0.002969167139002992
                }, 
                "2.5,2.75": {
                    "value": 2.898665189743042, 
                    "error": 2.526172878296957
                }, 
                "4.0,4.5": {
                    "value": 0.9675021767616272, 
                    "error": 0.004485198750083038
                }
            }, 
            "0.0,0.9": {
                "3.0,3.25": {
                    "value": 1.5225269794464111, 
                    "error": 0.2333460889033748
                }, 
                "3.75,4.0": {
                    "value": 0.9759141802787781, 
                    "error": 0.004002245596944993
                }, 
                "20.0,30.0": {
                    "value": 0.9918817281723022, 
                    "error": 0.003799333402772848
                }, 
                "500,700": {
                    "value": null, 
                    "error": null
                }, 
                "700,1200": {
                    "value": null, 
                    "error": null
                }, 
                "30.0,40.0": {
                    "value": 0.9945059418678284, 
                    "error": 0.008592496481154137
                }, 
                "3.25,3.5": {
                    "value": 1.0325933694839478, 
                    "error": 0.013300228193270508
                }, 
                "15.0,20.0": {
                    "value": 0.9900946021080017, 
                    "error": 0.002652318278270747
                }, 
                "2.0,2.5": {
                    "value": 0.0, 
                    "error": 0.0
                }, 
                "3.5,3.75": {
                    "value": 0.9704056978225708, 
                    "error": 0.0059199230430610076
                }, 
                "2.75,3.0": {
                    "value": 0.0, 
                    "error": 0.0
                }, 
                "10.0,15.0": {
                    "value": 0.9900532960891724, 
                    "error": 0.0014436252253806502
                }, 
                "8.0,10.0": {
                    "value": 0.990742027759552, 
                    "error": 0.0014565309822990983
                }, 
                "6.0,8.0": {
                    "value": 0.9880417585372925, 
                    "error": 0.0011027457478395588
                }, 
                "4.5,5.0": {
                    "value": 0.9870036840438843, 
                    "error": 0.0019331133456839261
                }, 
                "5.0,6.0": {
                    "value": 0.9866411089897156, 
                    "error": 0.0013522441044086478
                }, 
                "2.5,2.75": {
                    "value": 0.0, 
                    "error": 0.0
                }, 
                "4.0,4.5": {
                    "value": 0.9777413606643677, 
                    "error": 0.0021656266098762085
                }
            }, 
            "1.2,2.1": {
                "3.0,3.25": {
                    "value": 0.9807764887809753, 
                    "error": 0.0026549689017773244
                }, 
                "3.75,4.0": {
                    "value": 0.9903287887573242, 
                    "error": 0.002778218660143988
                }, 
                "20.0,30.0": {
                    "value": 0.9512293338775635, 
                    "error": 0.007556958354184819
                }, 
                "500,700": {
                    "value": null, 
                    "error": null
                }, 
                "700,1200": {
                    "value": null, 
                    "error": null
                }, 
                "30.0,40.0": {
                    "value": 0.9569581151008606, 
                    "error": 0.018067655166715175
                }, 
                "3.25,3.5": {
                    "value": 0.9921040534973145, 
                    "error": 0.0026222412601270262
                }, 
                "15.0,20.0": {
                    "value": 0.9549933075904846, 
                    "error": 0.005099618444448244
                }, 
                "2.0,2.5": {
                    "value": 0.990864098072052, 
                    "error": 0.0050161907172344535
                }, 
                "3.5,3.75": {
                    "value": 0.9858067035675049, 
                    "error": 0.0026454023367432976
                }, 
                "2.75,3.0": {
                    "value": 0.9885419011116028, 
                    "error": 0.003031411983103594
                }, 
                "10.0,15.0": {
                    "value": 0.969917893409729, 
                    "error": 0.002692622471860335
                }, 
                "8.0,10.0": {
                    "value": 0.9734885096549988, 
                    "error": 0.002578740710137877
                }, 
                "6.0,8.0": {
                    "value": 0.9759904742240906, 
                    "error": 0.0018587329372026055
                }, 
                "4.5,5.0": {
                    "value": 0.983073890209198, 
                    "error": 0.002411812634506352
                }, 
                "5.0,6.0": {
                    "value": 0.9836110472679138, 
                    "error": 0.0019872811161059955
                }, 
                "2.5,2.75": {
                    "value": 0.9853423833847046, 
                    "error": 0.0038250409719128202
                }, 
                "4.0,4.5": {
                    "value": 0.9870629906654358, 
                    "error": 0.002125070318309357
                }
            },