{
    "MTau3MuID": {
        "Pt_Eta": {
            "0.9,1.2": {
                "3.0,3.25": {
                    "value": 0.11667778342962265, 
                    "error": 0.005211690330505507
                }, 
                "3.75,4.0": {
                    "value": 0.8563776016235352, 
                    "error": 0.002692285424538733
                }, 
                "20.0,30.0": {
                    "value": 0.9180740118026733, 
                    "error": 0.0027862370357162867
                }, 
                "500,700": {
                    "value": null, 
                    "error": null
                }, 
                "700,1200": {
                    "value": null, 
                    "error": null
                }, 
                "30.0,40.0": {
                    "value": 0.8862020969390869, 
                    "error": 0.006954583443127785
                }, 
                "3.25,3.5": {
                    "value": 0.4771907925605774, 
                    "error": 0.006195913721590881
                }, 
                "15.0,20.0": {
                    "value": 0.9347665905952454, 
                    "error": 0.001808470787918478
                }, 
                "2.0,2.5": {
                    "value": 1.492606038766553e-10, 
                    "error": 0.001140179111682458
                }, 
                "3.5,3.75": {
                    "value": 0.7390133142471313, 
                    "error": 0.004151145684561695
                }, 
                "2.75,3.0": {
                    "value": 0.02334119752049446, 
                    "error": 0.003302742737800445
                }, 
                "10.0,15.0": {
                    "value": 0.944667398929596, 
                    "error": 0.0009240391679522474
                }, 
                "8.0,10.0": {
                    "value": 0.9685928821563721, 
                    "error": 0.0007131201817951174
                }, 
                "6.0,8.0": {
                    "value": 0.9785754084587097, 
                    "error": 0.00046032577854892946
                }, 
                "4.5,5.0": {
                    "value": 0.9563987255096436, 
                    "error": 0.0009996847475364228
                }, 
                "5.0,6.0": {
                    "value": 0.9729421734809875, 
                    "error": 0.0006072568599600964
                }, 
                "2.5,2.75": {
                    "value": 0.002989468164741993, 
                    "error": 0.0016795570238890291
                }, 
                "4.0,4.5": {
                    "value": 0.9251378178596497, 
                    "error": 0.0012816135661546295
                }
            }, 
            "0.0,0.9": {
                "3.0,3.25": {
                    "value": 0.0464053638279438, 
                    "error": 0.0023940875242059846
                }, 
                "3.75,4.0": {
                    "value": 0.8558162450790405, 
                    "error": 0.001363165596315367
                }, 
                "20.0,30.0": {
                    "value": 0.951074481010437, 
                    "error": 0.001172885601864831
                }, 
                "500,700": {
                    "value": null, 
                    "error": null
                }, 
                "700,1200": {
                    "value": null, 
                    "error": null
                }, 
                "30.0,40.0": {
                    "value": 0.9362719058990479, 
                    "error": 0.002794244049682684
                }, 
                "3.25,3.5": {
                    "value": 0.5158362984657288, 
                    "error": 0.0032928852461317306
                }, 
                "15.0,20.0": {
                    "value": 0.963018000125885, 
                    "error": 0.0007573414556770142
                }, 
                "2.0,2.5": {
                    "value": 0.0, 
                    "error": 0.08165262205943012
                }, 
                "3.5,3.75": {
                    "value": 0.7496141791343689, 
                    "error": 0.0019548218300708027
                }, 
                "2.75,3.0": {
                    "value": 0.0, 
                    "error": 0.0006456196030632537
                }, 
                "10.0,15.0": {
                    "value": 0.9724861979484558, 
                    "error": 0.00036214085719651207
                }, 
                "8.0,10.0": {
                    "value": 0.9823217988014221, 
                    "error": 0.00029391273238849806
                }, 
                "6.0,8.0": {
                    "value": 0.9835410714149475, 
                    "error": 0.0002219994206065314
                }, 
                "4.5,5.0": {
                    "value": 0.9522023797035217, 
                    "error": 0.0005688432544529111
                }, 
                "5.0,6.0": {
                    "value": 0.9758865237236023, 
                    "error": 0.00031747429811619735
                }, 
                "2.5,2.75": {
                    "value": 0.0, 
                    "error": 0.00297044850689066
                }, 
                "4.0,4.5": {
                    "value": 0.9201347827911377, 
                    "error": 0.0006991054809133072
                }
            }, 
            "1.2,2.1": {
                "3.0,3.25": {
                    "value": 0.9716582894325256, 
                    "error": 0.0006672282998215449
                }, 
                "3.75,4.0": {
                    "value": 0.9811832904815674, 
                    "error": 0.0005577044101314456
                }, 
                "20.0,30.0": {
                    "value": 0.9106060266494751, 
                    "error": 0.0019249028381722014
                }, 
                "500,700": {
                    "value": null, 
                    "error": null
                }, 
                "700,1200": {
                    "value": null, 
                    "error": null
                }, 
                "30.0,40.0": {
                    "value": 0.8891069889068604, 
                    "error": 0.004596348251791451
                }, 
                "3.25,3.5": {
                    "value": 0.976271390914917, 
                    "error": 0.0006060110287714426
                }, 
                "15.0,20.0": {
                    "value": 0.9316154718399048, 
                    "error": 0.0012290373170438344
                }, 
                "2.0,2.5": {
                    "value": 0.9278764128684998, 
                    "error": 0.0013650868839626368
                }, 
                "3.5,3.75": {
                    "value": 0.9792779088020325, 
                    "error": 0.0005696166414936685
                }, 
                "2.75,3.0": {
                    "value": 0.9647994637489319, 
                    "error": 0.000797750693391508
                }, 
                "10.0,15.0": {
                    "value": 0.9464026093482971, 
                    "error": 0.0005902757385248892
                }, 
                "8.0,10.0": {
                    "value": 0.9605864882469177, 
                    "error": 0.0005129607028076962
                }, 
                "6.0,8.0": {
                    "value": 0.9663002490997314, 
                    "error": 0.00036431499485682373
                }, 
                "4.5,5.0": {
                    "value": 0.9815097451210022, 
                    "error": 0.0004346516147112706
                }, 
                "5.0,6.0": {
                    "value": 0.9768519997596741, 
                    "error": 0.00036609464150695386
                }, 
                "2.5,2.75": {
                    "value": 0.9514833688735962, 
                    "error": 0.0010745469663112485
                }, 
                "4.0,4.5": {
                    "value": 0.9825883507728577,