{
    "MTau3MuID": {
        "Pt_Eta": {
            "0.9,1.2": {
                "3.0,3.25": {
                    "value": 0.17354825139045715, 
                    "error": 0.17354825687883835
                }, 
                "3.75,4.0": {
                    "value": 0.8526676297187805, 
                    "error": 0.006527196335636201
                }, 
                "20.0,30.0": {
                    "value": 0.8979198336601257, 
                    "error": 0.008114504969118792
                }, 
                "500,700": {
                    "value": null, 
                    "error": null
                }, 
                "700,1200": {
                    "value": null, 
                    "error": null
                }, 
                "30.0,40.0": {
                    "value": 0.8539932370185852, 
                    "error": 0.018705063065430756
                }, 
                "3.25,3.5": {
                    "value": 0.5338651537895203, 
                    "error": 0.011592465640399844
                }, 
                "15.0,20.0": {
                    "value": 0.9093887209892273, 
                    "error": 0.005688300113037415
                }, 
                "2.0,2.5": {
                    "value": 1.7836130350445956e-09, 
                    "error": 0.003534405787537857
                }, 
                "3.5,3.75": {
                    "value": 0.7725718021392822, 
                    "error": 0.008470089826204945
                }, 
                "2.75,3.0": {
                    "value": 0.03075448051095009, 
                    "error": 0.005293633296242047
                }, 
                "10.0,15.0": {
                    "value": 0.9259786605834961, 
                    "error": 0.012641096812007297
                }, 
                "8.0,10.0": {
                    "value": 0.9515590071678162, 
                    "error": 0.0032230820994315554
                }, 
                "6.0,8.0": {
                    "value": 0.9621627330780029, 
                    "error": 0.0024075801378509983
                }, 
                "4.5,5.0": {
                    "value": 0.9327401518821716, 
                    "error": 0.0038267578382809087
                }, 
                "5.0,6.0": {
                    "value": 0.9537479877471924, 
                    "error": 0.002826830771462996
                }, 
                "2.5,2.75": {
                    "value": 0.008665467612445354, 
                    "error": 0.005773158604656477
                }, 
                "4.0,4.5": {
                    "value": 0.895072877407074, 
                    "error": 0.003959827483913268
                }
            }, 
            "0.0,0.9": {
                "3.0,3.25": {
                    "value": 0.07065341621637344, 
                    "error": 0.010196575396360215
                }, 
                "3.75,4.0": {
                    "value": 0.835203230381012, 
                    "error": 0.0031562825594699953
                }, 
                "20.0,30.0": {
                    "value": 0.9433534145355225, 
                    "error": 0.003421052268998411
                }, 
                "500,700": {
                    "value": null, 
                    "error": null
                }, 
                "700,1200": {
                    "value": null, 
                    "error": null
                }, 
                "30.0,40.0": {
                    "value": 0.9311279654502869, 
                    "error": 0.007549727396047962
                }, 
                "3.25,3.5": {
                    "value": 0.5326491594314575, 
                    "error": 0.005958885894590606
                }, 
                "15.0,20.0": {
                    "value": 0.9534789323806763, 
                    "error": 0.002441686419821487
                }, 
                "2.0,2.5": {
                    "value": 0.0, 
                    "error": 0.9999999999999999
                }, 
                "3.5,3.75": {
                    "value": 0.7274298667907715, 
                    "error": 0.004011772015434436
                }, 
                "2.75,3.0": {
                    "value": 0.0, 
                    "error": 0.0006076413783920157
                }, 
                "10.0,15.0": {
                    "value": 0.962813138961792, 
                    "error": 0.001357350700768716
                }, 
                "8.0,10.0": {
                    "value": 0.9732275009155273, 
                    "error": 0.0014008372177659971
                }, 
                "6.0,8.0": {
                    "value": 0.9717796444892883, 
                    "error": 0.0010621844524085807
                }, 
                "4.5,5.0": {
                    "value": 0.9398272633552551, 
                    "error": 0.00175299904165388
                }, 
                "5.0,6.0": {
                    "value": 0.9628497362136841, 
                    "error": 0.0012819228725129345
                }, 
                "2.5,2.75": {
                    "value": 0.0, 
                    "error": 0.0023755870162223314
                }, 
                "4.0,4.5": {
                    "value": 0.8996538519859314, 
                    "error": 0.0018717623634869312
                }
            }, 
            "1.2,2.1": {
                "3.0,3.25": {
                    "value": 0.9529796242713928, 
                    "error": 0.002495340982856203
                }, 
                "3.75,4.0": {
                    "value": 0.9716940522193909, 
                    "error": 0.0026694027713910174
                }, 
                "20.0,30.0": {
                    "value": 0.8661951422691345, 
                    "error": 0.006633338507910005
                }, 
                "500,700": {
                    "value": null, 
                    "error": null
                }, 
                "700,1200": {
                    "value": null, 
                    "error": null
                }, 
                "30.0,40.0": {
                    "value": 0.8508381247520447, 
                    "error": 0.015450168414788568
                }, 
                "3.25,3.5": {
                    "value": 0.9685627818107605, 
                    "error": 0.00248841821699651
                }, 
                "15.0,20.0": {
                    "value": 0.8896865248680115, 
                    "error": 0.004603614801421029
                }, 
                "2.0,2.5": {
                    "value": 0.9193994402885437, 
                    "error": 0.004453528643741054
                }, 
                "3.5,3.75": {
                    "value": 0.9653787016868591, 
                    "error": 0.0025289934267558895
                }, 
                "2.75,3.0": {
                    "value": 0.9537447094917297, 
                    "error": 0.002816379163732137
                }, 
                "10.0,15.0": {
                    "value": 0.9179328083992004, 
                    "error": 0.0024831592858769857
                }, 
                "8.0,10.0": {
                    "value": 0.9351199269294739, 
                    "error": 0.0024262481112081284
                }, 
                "6.0,8.0": {
                    "value": 0.943099856376648, 
                    "error": 0.0017605469134898562
                }, 
                "4.5,5.0": {
                    "value": 0.9648966193199158, 
                    "error": 0.0023283338373952752
                }, 
                "5.0,6.0": {
                    "value": 0.9608424305915833, 
                    "error": 0.0019075895790786276
                }, 
                "2.5,2.75": {
                    "value": 0.937536895275116, 
                    "error": 0.0034820453163103373
                }, 
                "4.0,4.5": {
                    "value": 0.9698765873908997,