{
    "MTau3MuID": {
        "Pt_Eta": {
            "0.9,1.2": {
                "3.0,3.25": {
                    "value": 0.29293885827064514, 
                    "error": 0.29338437575304066
                }, 
                "3.75,4.0": {
                    "value": 0.9124637842178345, 
                    "error": 0.007624849499899438
                }, 
                "20.0,30.0": {
                    "value": 0.9553292989730835, 
                    "error": 0.009433284122472666
                }, 
                "500,700": {
                    "value": null, 
                    "error": null
                }, 
                "700,1200": {
                    "value": null, 
                    "error": null
                }, 
                "30.0,40.0": {
                    "value": 0.9378408789634705, 
                    "error": 0.022734660552863908
                }, 
                "3.25,3.5": {
                    "value": 0.6276789307594299, 
                    "error": 0.015355725649710722
                }, 
                "15.0,20.0": {
                    "value": 0.9543831944465637, 
                    "error": 0.04759651216790073
                }, 
                "2.0,2.5": {
                    "value": 0.0, 
                    "error": 0.0
                }, 
                "3.5,3.75": {
                    "value": 0.8439208269119263, 
                    "error": 0.010288808580859676
                }, 
                "2.75,3.0": {
                    "value": 0.11502707004547119, 
                    "error": 0.0455000736318562
                }, 
                "10.0,15.0": {
                    "value": 0.9602491855621338, 
                    "error": 0.01316057292804492
                }, 
                "8.0,10.0": {
                    "value": 0.9642674326896667, 
                    "error": 0.0033418508572152584
                }, 
                "6.0,8.0": {
                    "value": 0.9751883149147034, 
                    "error": 0.002500098516837643
                }, 
                "4.5,5.0": {
                    "value": 0.9649778008460999, 
                    "error": 0.004169825519637585
                }, 
                "5.0,6.0": {
                    "value": 0.9752305150032043, 
                    "error": 0.0030038799700727965
                }, 
                "2.5,2.75": {
                    "value": 0.0953945517539978, 
                    "error": 0.12678879987516548
                }, 
                "4.0,4.5": {
                    "value": 0.9394907355308533, 
                    "error": 0.004446096747805132
                }
            }, 
            "0.0,0.9": {
                "3.0,3.25": {
                    "value": 0.241348996758461, 
                    "error": 0.039611702382887595
                }, 
                "3.75,4.0": {
                    "value": 0.8733060359954834, 
                    "error": 0.03997757320378102
                }, 
                "20.0,30.0": {
                    "value": 0.9835436344146729, 
                    "error": 0.003921374633542533
                }, 
                "500,700": {
                    "value": null, 
                    "error": null
                }, 
                "700,1200": {
                    "value": null, 
                    "error": null
                }, 
                "30.0,40.0": {
                    "value": 0.980897068977356, 
                    "error": 0.00888074669276016
                }, 
                "3.25,3.5": {
                    "value": 0.5956306457519531, 
                    "error": 0.007348059806430375
                }, 
                "15.0,20.0": {
                    "value": 0.9829956889152527, 
                    "error": 0.0027121678588040788
                }, 
                "2.0,2.5": {
                    "value": 0.0, 
                    "error": 0.0
                }, 
                "3.5,3.75": {
                    "value": 0.7673542499542236, 
                    "error": 0.004492255522127149
                }, 
                "2.75,3.0": {
                    "value": 0.0, 
                    "error": 0.0
                }, 
                "10.0,15.0": {
                    "value": 0.9799746870994568, 
                    "error": 0.001446385332695821
                }, 
                "8.0,10.0": {
                    "value": 0.9815009236335754, 
                    "error": 0.0014441707541596376
                }, 
                "6.0,8.0": {
                    "value": 0.9809184074401855, 
                    "error": 0.001098521583319359
                }, 
                "4.5,5.0": {
                    "value": 0.9666265845298767, 
                    "error": 0.001911229286305789
                }, 
                "5.0,6.0": {
                    "value": 0.9775625467300415, 
                    "error": 0.0013504999034147926
                }, 
                "2.5,2.75": {
                    "value": 0.0, 
                    "error": 0.0
                }, 
                "4.0,4.5": {
                    "value": 0.9332959651947021, 
                    "error": 0.002064320582957215
                }
            }, 
            "1.2,2.1": {
                "3.0,3.25": {
                    "value": 0.977332353591919, 
                    "error": 0.002719031244173898
                }, 
                "3.75,4.0": {
                    "value": 0.9876547455787659, 
                    "error": 0.0028134979864486618
                }, 
                "20.0,30.0": {
                    "value": 0.9323946237564087, 
                    "error": 0.007862719336771249
                }, 
                "500,700": {
                    "value": null, 
                    "error": null
                }, 
                "700,1200": {
                    "value": null, 
                    "error": null
                }, 
                "30.0,40.0": {
                    "value": 0.9472476243972778, 
                    "error": 0.01863696942498558
                }, 
                "3.25,3.5": {
                    "value": 0.9871668815612793, 
                    "error": 0.002656491252608166
                }, 
                "15.0,20.0": {
                    "value": 0.9372864961624146, 
                    "error": 0.0051327681265384475
                }, 
                "2.0,2.5": {
                    "value": 0.9869346022605896, 
                    "error": 0.005112920515090418
                }, 
                "3.5,3.75": {
                    "value": 0.981772243976593, 
                    "error": 0.0026808118951557407
                }, 
                "2.75,3.0": {
                    "value": 0.9840666651725769, 
                    "error": 0.003094555049239178
                }, 
                "10.0,15.0": {
                    "value": 0.9489790201187134, 
                    "error": 0.0026729570516344447
                }, 
                "8.0,10.0": {
                    "value": 0.9535345435142517, 
                    "error": 0.0025402285838278436
                }, 
                "6.0,8.0": {
                    "value": 0.955721378326416, 
                    "error": 0.0018207694509939213
                }, 
                "4.5,5.0": {
                    "value": 0.9766363501548767, 
                    "error": 0.0027306927008844194
                }, 
                "5.0,6.0": {
                    "value": 0.9706060290336609, 
                    "error": 0.001964227248484403
                }, 
                "2.5,2.75": {
                    "value": 0.9745900630950928, 
                    "error": 0.0038598166335730506
                }, 
                "4.0,4.5": {
                    "value": 0.9831064939498901, 
                    "error": 0.002142629728285662
                }
            },